,main_url
0,https://www.chrono24.fr/rolex/air-king--mod5.htm
1,https://www.chrono24.fr/rolex/air-king-date--mod957.htm
2,https://www.chrono24.fr/rolex/air-king-precision--mod958.htm
3,https://www.chrono24.fr/rolex/bubble-back--mod42.htm
4,https://www.chrono24.fr/rolex/cellini--mod43.htm
5,https://www.chrono24.fr/rolex/cellini-danaos--mod972.htm
6,https://www.chrono24.fr/rolex/cellini-date--mod970.htm
7,https://www.chrono24.fr/rolex/cellini-dual-time--mod971.htm
8,https://www.chrono24.fr/rolex/cellini-moonphase--mod2722.htm
9,https://www.chrono24.fr/rolex/cellini-prince--mod973.htm
10,https://www.chrono24.fr/rolex/cellini-time--mod974.htm
11,https://www.chrono24.fr/rolex/chronograph--mod44.htm
12,https://www.chrono24.fr/rolex/datejust--mod45.htm
13,https://www.chrono24.fr/rolex/datejust-ii--mod46.htm
14,https://www.chrono24.fr/rolex/datejust-oysterquartz--mod952.htm
15,https://www.chrono24.fr/rolex/datejust-turn-o-graph--mod950.htm
16,https://www.chrono24.fr/rolex/day-date--mod47.htm
17,https://www.chrono24.fr/rolex/day-date-36--mod2723.htm
18,https://www.chrono24.fr/rolex/day-date-40--mod964.htm
19,https://www.chrono24.fr/rolex/day-date-ii--mod48.htm
20,https://www.chrono24.fr/rolex/day-date-oysterquartz--mod954.htm
21,https://www.chrono24.fr/rolex/daytona--mod2.htm
22,https://www.chrono24.fr/rolex/explorer--mod50.htm
23,https://www.chrono24.fr/rolex/explorer-ii--mod51.htm
24,https://www.chrono24.fr/rolex/gmt-master--mod3.htm
25,https://www.chrono24.fr/rolex/gmt-master-ii--mod4.htm
26,https://www.chrono24.fr/rolex/lady-datejust--mod53.htm
27,https://www.chrono24.fr/rolex/lady-datejust-pearlmaster--mod951.htm
28,https://www.chrono24.fr/rolex/milgauss--mod54.htm
29,https://www.chrono24.fr/rolex/oyster-perpetual--mod55.htm
30,https://www.chrono24.fr/rolex/oyster-perpetual-26--mod2730.htm
31,https://www.chrono24.fr/rolex/oyster-perpetual-31--mod2729.htm
32,https://www.chrono24.fr/rolex/oyster-perpetual-34--mod2728.htm
33,https://www.chrono24.fr/rolex/oyster-perpetual-36--mod2727.htm
34,https://www.chrono24.fr/rolex/oyster-perpetual-39--mod2726.htm
35,https://www.chrono24.fr/rolex/oyster-perpetual-date--mod955.htm
36,https://www.chrono24.fr/rolex/oyster-perpetual-lady-date--mod956.htm
37,https://www.chrono24.fr/rolex/oyster-precision--mod57.htm
38,https://www.chrono24.fr/rolex/pearlmaster--mod524.htm
39,https://www.chrono24.fr/rolex/prince--mod523.htm
40,https://www.chrono24.fr/rolex/sea-dweller--mod49.htm
41,https://www.chrono24.fr/rolex/sea-dweller-4000--mod953.htm
42,https://www.chrono24.fr/rolex/sea-dweller-deepsea--mod878.htm
43,https://www.chrono24.fr/rolex/sky-dweller--mod611.htm
44,https://www.chrono24.fr/rolex/submariner--mod1.htm
45,https://www.chrono24.fr/rolex/submariner-no-date--mod2460.htm
46,https://www.chrono24.fr/rolex/submariner-date--mod981.htm
47,https://www.chrono24.fr/rolex/yacht-master--mod58.htm
48,https://www.chrono24.fr/rolex/yacht-master-37--mod2724.htm
49,https://www.chrono24.fr/rolex/yacht-master-40--mod2725.htm
50,https://www.chrono24.fr/rolex/yacht-master-42--mod2761.htm
51,https://www.chrono24.fr/rolex/yacht-master-ii--mod59.htm
